item_id,condition_id,section_type,page,text,status,reviewer,reviewed_on,note
a81240b543bf,icmr-stw-acute-diarrhea,danger_signs,1,Lethargy or unconsciousness,unverified,,,
4c486ee5948d,icmr-stw-acute-diarrhea,danger_signs,1,Sunken eyes,unverified,,,
df9c50007437,icmr-stw-acute-diarrhea,danger_signs,1,"Not able to drink at all, or drinking very poorly",unverified,,,
dac5212923b0,icmr-stw-acute-diarrhea,danger_signs,1,"Skin pinch test: pinch the skin on the abdomen, if the skin goes back very slowly (takes more than 2 seconds to flatten), this indicates severe dehydration",unverified,,,
5a374e1a5b5b,icmr-stw-acute-diarrhea,danger_signs,1,Very rapid or weak pulse,unverified,,,
3b514c9dc742,icmr-stw-acute-diarrhea,danger_signs,1,Very low blood pressure,unverified,,,
793bf92f3127,icmr-stw-acute-diarrhea,danger_signs,1,Rapid breathing,unverified,,,
2d68abef7474,icmr-stw-acute-diarrhea,danger_signs,1,Passing many watery stools very frequently with no improvement,unverified,,,
6ca8a4bafb6d,icmr-stw-acute-diarrhea,danger_signs,1,Repeated vomiting preventing any fluid intake,unverified,,,
489fc1c8c5c6,icmr-stw-acute-diarrhea,danger_signs,1,Blood in stools with no improvement after 2 days of treatment,unverified,,,
30a7a3e77882,icmr-stw-acute-diarrhea,danger_signs,1,Diarrhea with high fever and worsening general condition,unverified,,,
9ba8c203969d,icmr-stw-acute-diarrhea,danger_signs,1,Diarrhea in a person with severe malnutrition or known HIV,unverified,,,
1beb4c230d79,icmr-stw-acute-diarrhea,danger_signs,1,Persistent diarrhea lasting more than 14 days with signs of dehydration or serious illness,unverified,,,
bf465c932433,icmr-stw-acute-diarrhea,self_care,1,"Start oral rehydration immediately, the most important treatment for diarrhea at home is replacing lost fluids and salts",unverified,,,
819791f33421,icmr-stw-acute-diarrhea,self_care,1,Use ORS (Oral Rehydration Salt) sachets available at any pharmacy or government health centre: dissolve one sachet in the amount of clean water shown on the packet (usually 200 ml or 1 litre) and sip frequently,unverified,,,
43fa1f21dd53,icmr-stw-acute-diarrhea,self_care,1,"If ORS sachets are not available, a homemade alternative can be used temporarily: add a pinch of salt and a small amount of sugar to a glass of clean water, stir well, and sip frequently",unverified,,,
eedb1c657e4d,icmr-stw-acute-diarrhea,self_care,1,"Other suitable homemade fluids: salted rice water, salted yogurt drink (lassi with salt), vegetable or chicken soup with salt, unsweetened fresh fruit juice, coconut water",unverified,,,
8d2b36608a02,icmr-stw-acute-diarrhea,self_care,1,"Give extra fluids after each loose stool, adults should drink at least 200 ml after each episode",unverified,,,
283e1a3455f6,icmr-stw-acute-diarrhea,self_care,1,"Unsuitable fluids that worsen diarrhea: carbonated beverages (cold drinks/soda), commercial sweetened fruit juices, sweetened tea or coffee",unverified,,,
26f73d38b93b,icmr-stw-acute-diarrhea,self_care,1,"Continue eating, do not fast. Eat light, easily digestible foods. Avoid oily or spicy food during illness",unverified,,,
b34188382c50,icmr-stw-acute-diarrhea,self_care,1,"Wash hands thoroughly with soap and water before eating, after using the toilet, and after handling stool",unverified,,,
2e08e8e1c851,icmr-stw-acute-diarrhea,self_care,1,"Use clean, safe drinking water only, boil water if safety is uncertain",unverified,,,
361bc25e01e9,icmr-stw-acute-diarrhea,self_care,1,"Return for medical attention immediately if: passing many watery stools, repeatedly vomiting, unable to drink, developing fever, noticing blood in stool, or condition is not improving in 5 days",unverified,,,
e941b3753f9e,icmr-stw-acute-diarrhea,see_doctor,1,Diarrhea not improving after 5 days of home management,unverified,,,
cc6e7a645012,icmr-stw-acute-diarrhea,see_doctor,1,Any blood in the stools (dysentery),unverified,,,
79335f1d7eb6,icmr-stw-acute-diarrhea,see_doctor,1,Significant vomiting along with diarrhea making it hard to keep fluids down,unverified,,,
f6d3a507c693,icmr-stw-acute-diarrhea,see_doctor,1,"Signs of moderate dehydration: restlessness, sunken eyes, feeling very thirsty, skin pinch goes back slowly",unverified,,,
80f1649cf640,icmr-stw-acute-diarrhea,see_doctor,1,Fever along with diarrhea,unverified,,,
cd10ce4eec65,icmr-stw-acute-diarrhea,see_doctor,1,"Diarrhea in a person with diabetes, heart disease, or kidney disease",unverified,,,
3f8677feb612,icmr-stw-acute-diarrhea,see_doctor,1,Diarrhea lasting more than 14 days (persistent diarrhea),unverified,,,
7eff33604db4,icmr-stw-acute-diarrhea,see_doctor,1,Diarrhea after travel to a new place or after eating outside food with suspected contamination,unverified,,,
deb49f9b48c8,icmr-stw-acute-diarrhea,refer_urgently,1,"Any sign of severe dehydration listed above, unconsciousness, unable to drink, skin pinch very slow, very weak pulse",unverified,,,
db00ac98249e,icmr-stw-acute-diarrhea,refer_urgently,1,Blood in stools with no improvement after 2 days of treatment,unverified,,,
ae4e74dcedc9,icmr-stw-acute-diarrhea,refer_urgently,1,Persistent diarrhea (more than 14 days) with dehydration or serious infection signs,unverified,,,
7e64a1478e94,icmr-stw-acute-diarrhea,refer_urgently,1,Diarrhea with severe vomiting and complete inability to keep fluids down,unverified,,,
bc043dc471f7,icmr-stw-acute-diarrhea,refer_urgently,1,"Suspected cholera: sudden onset of very profuse watery diarrhea (rice-water stool), especially in an area with known cholera",unverified,,,
4139ba17e4d0,icmr-stw-acute-diarrhea,overview,,Diarrhea means three or more loose or watery stools per day. Acute diarrhea lasts less than 14 days. Diarrhea lasting more than 14 days is persistent diarrhea. Dysentery means blood is present in the stools.,unverified,,,
e74c91e62130,icmr-stw-acute-diarrhea,reference,1,"Pinch the skin on the abdomen between two fingers, hold for one second, then let go. Watch how quickly it returns to normal: if it goes back immediately, no significant dehydration; if it stays raised for a brief instant, some dehydration, needs ORS urgently; if it goes back very slowly, taking more than 2 seconds, severe dehydration, go to hospital immediately.",unverified,,,
d9ede560c2b9,icmr-stw-acute-respiratory-infections,danger_signs,1,Breathing rate above 30 breaths per minute,unverified,,,
c83ae21d672a,icmr-stw-acute-respiratory-infections,danger_signs,1,"Breathing with the belly moving opposite to the chest (abdominal-thoracic paradox), a sign of severe breathing difficulty",unverified,,,
53b762e07069,icmr-stw-acute-respiratory-infections,danger_signs,1,"Blue or purple colour on the lips, fingertips, or face (cyanosis), indicates critically low oxygen",unverified,,,
0c5ddfd9c26b,icmr-stw-acute-respiratory-infections,danger_signs,1,Only able to speak a few words at a time due to breathlessness,unverified,,,
521df0007e03,icmr-stw-acute-respiratory-infections,danger_signs,1,"Oxygen saturation at or below 92% in a person aged 50 or below, or below 90% in a person over 50",unverified,,,
09d31c60077f,icmr-stw-acute-respiratory-infections,danger_signs,1,Confusion or disorientation along with breathing problems,unverified,,,
3324d144d6c4,icmr-stw-acute-respiratory-infections,danger_signs,1,"Coughing up blood (frank haemoptysis), may also suggest TB or a more serious condition",unverified,,,
fa79295ad5d0,icmr-stw-acute-respiratory-infections,danger_signs,1,Very low blood pressure combined with breathing difficulty,unverified,,,
eccdd10f3b51,icmr-stw-acute-respiratory-infections,danger_signs,1,Very high or very low body temperature alongside breathing difficulty,unverified,,,
ea7ed1d47448,icmr-stw-acute-respiratory-infections,danger_signs,1,"Suspected flu with breathing difficulty, especially if there is a history of recent travel or an ongoing flu epidemic",unverified,,,
924ff0474dd3,icmr-stw-acute-respiratory-infections,self_care,1,Rest and stay home away from others to avoid spreading the infection,unverified,,,
217ed4072412,icmr-stw-acute-respiratory-infections,self_care,1,"Drink plenty of fluids, water, warm soups, warm water with honey and ginger, coconut water",unverified,,,
855ec7233869,icmr-stw-acute-respiratory-infections,self_care,1,Paracetamol can be taken for fever or body aches as per the dosage on the pack,unverified,,,
8e57ba4f5a30,icmr-stw-acute-respiratory-infections,self_care,1,Steam inhalation can help relieve nasal and chest congestion,unverified,,,
b6190b4154fe,icmr-stw-acute-respiratory-infections,self_care,1,Warm salt water gargling helps relieve throat discomfort,unverified,,,
7b8abbd5222d,icmr-stw-acute-respiratory-infections,self_care,1,Avoid smoking and exposure to smoke or dust,unverified,,,
0e8ee08cf1df,icmr-stw-acute-respiratory-infections,self_care,1,Avoid cold beverages and cold environments,unverified,,,
f8f76e6aae3e,icmr-stw-acute-respiratory-infections,self_care,1,"Viral upper respiratory infections (common cold) do not benefit from antibiotics, do not self-medicate with antibiotics",unverified,,,
d155894ed7c7,icmr-stw-acute-respiratory-infections,self_care,1,Most mild colds and coughs in a healthy adult resolve within 7 to 10 days without medication,unverified,,,
7fb4d1e84565,icmr-stw-acute-respiratory-infections,see_doctor,1,Cough lasting more than 10 to 14 days without improvement,unverified,,,
fe0d05aace0d,icmr-stw-acute-respiratory-infections,see_doctor,1,"Fever that is persistent, high, or accompanied by chills",unverified,,,
6d718cb3e81d,icmr-stw-acute-respiratory-infections,see_doctor,1,"Cough producing yellow, green, or blood-tinged sputum",unverified,,,
9ed87612c215,icmr-stw-acute-respiratory-infections,see_doctor,1,Chest pain that worsens with breathing or coughing,unverified,,,
daeaeef9dec3,icmr-stw-acute-respiratory-infections,see_doctor,1,Significant breathlessness during light activity or at rest,unverified,,,
8f0cc7b441b1,icmr-stw-acute-respiratory-infections,see_doctor,1,Cough or cold with wheezing (whistling sound in chest),unverified,,,
b5d22ea7ef9f,icmr-stw-acute-respiratory-infections,see_doctor,1,Sore throat with high fever and swollen neck glands,unverified,,,
395c3f6079e8,icmr-stw-acute-respiratory-infections,see_doctor,1,"Any respiratory illness in a person with diabetes, heart disease, chronic lung disease, or kidney disease, these are high-risk groups",unverified,,,
3960d4c40670,icmr-stw-acute-respiratory-infections,see_doctor,1,"Cough with night sweats, unexplained weight loss, or prolonged fatigue, these may be signs of TB",unverified,,,
e242d7d49e7d,icmr-stw-acute-respiratory-infections,see_doctor,1,Symptoms that started improving but then got significantly worse,unverified,,,
b01ffd448356,icmr-stw-acute-respiratory-infections,refer_urgently,1,"Any danger sign listed above, breathing rate above 30, blue lips, inability to speak, confusion, coughing blood",unverified,,,
e2d6bf08bd32,icmr-stw-acute-respiratory-infections,refer_urgently,1,Oxygen saturation at or below 92%,unverified,,,
a6a27d098243,icmr-stw-acute-respiratory-infections,refer_urgently,1,"Suspected pneumonia in a person aged 65 or above, or with confusion, low blood pressure, or fast breathing",unverified,,,
04bb2ab18966,icmr-stw-acute-respiratory-infections,refer_urgently,1,Suspected epidemic flu with breathing difficulty,unverified,,,
792cd582806c,icmr-stw-acute-respiratory-infections,refer_urgently,1,No improvement after 2 to 3 days of treatment for bronchitis or a prescribed antibiotic course,unverified,,,
9136093d6dde,icmr-stw-acute-respiratory-infections,reference,,"Acute Upper Respiratory Infection (common cold, catarrh)",unverified,,,
55bc5d4afd22,icmr-stw-acute-respiratory-infections,reference,,Acute Bronchitis,unverified,,,
22df4c49735a,icmr-stw-acute-respiratory-infections,reference,,Community Acquired Pneumonia (CAP),unverified,,,
26e7ee4d20f8,icmr-stw-acute-rhinosinusitis,danger_signs,1,"Swelling or redness around the eye, or eye being pushed forward (proptosis), indicates the infection has spread to the eye socket",unverified,,,
1a90f8555570,icmr-stw-acute-rhinosinusitis,danger_signs,1,Double vision or significant vision disturbance,unverified,,,
d3dc3235afa5,icmr-stw-acute-rhinosinusitis,danger_signs,1,"Altered mental state or confusion, indicates the infection may have spread to the brain",unverified,,,
21736f3b0be6,icmr-stw-acute-rhinosinusitis,danger_signs,1,"Severe headache with stiff neck, may indicate meningitis",unverified,,,
ef93e41ecbf8,icmr-stw-acute-rhinosinusitis,danger_signs,1,Increasing swelling or fullness on the forehead,unverified,,,
71498a2a63f7,icmr-stw-acute-rhinosinusitis,danger_signs,1,"Facial skin, palate, or inner nasal tissues turning dark or discoloured, suggests invasive fungal sinusitis, which is a medical emergency, especially in diabetic patients",unverified,,,
6c5198b0a8f7,icmr-stw-acute-rhinosinusitis,danger_signs,1,Facial numbness or reduced sensation on the face,unverified,,,
ac391f098a8f,icmr-stw-acute-rhinosinusitis,danger_signs,1,"Signs of sinusitis in a person with diabetes or on immunosuppressive treatment, these individuals are at high risk of a rapidly worsening infection",unverified,,,
2860173748e2,icmr-stw-acute-rhinosinusitis,self_care,1,"Rinse the nose with normal saline nasal wash, dissolve a pinch of salt in a cup of clean water and gently rinse each nostril. This helps clear mucus and improves breathing",unverified,,,
d10a526f654c,icmr-stw-acute-rhinosinusitis,self_care,1,"Steam inhalation for 10 to 15 minutes, two or three sessions a day, can relieve nasal congestion",unverified,,,
cfd56f202ba7,icmr-stw-acute-rhinosinusitis,self_care,1,Drink adequate fluids to keep mucus thin and easier to drain,unverified,,,
d809401381ca,icmr-stw-acute-rhinosinusitis,self_care,1,Sleep with your head slightly elevated to help drainage,unverified,,,
a742cd07f9a6,icmr-stw-acute-rhinosinusitis,self_care,1,"Avoid smoking and exposure to tobacco smoke, dust, and strong chemical smells",unverified,,,
18546c2b2caa,icmr-stw-acute-rhinosinusitis,self_care,1,"Symptoms lasting less than 7 days after a cold are usually viral and self-limiting, rest, fluids, and saline nasal wash are appropriate",unverified,,,
7c1d981f952e,icmr-stw-acute-rhinosinusitis,self_care,1,"Do not use nasal decongestant sprays for more than 3 to 5 days, prolonged use can worsen nasal congestion",unverified,,,
0af4e77dea1b,icmr-stw-acute-rhinosinusitis,self_care,1,"Address dental hygiene, untreated upper tooth decay can cause sinus infection on that side",unverified,,,
fe4275f2757e,icmr-stw-acute-rhinosinusitis,see_doctor,1,"Nasal blockage, nasal discharge, or facial pressure or pain lasting more than 7 days after a cold",unverified,,,
4625514253aa,icmr-stw-acute-rhinosinusitis,see_doctor,1,Thick yellow or green nasal discharge with fever,unverified,,,
d32034cfbc1b,icmr-stw-acute-rhinosinusitis,see_doctor,1,"Pain or pressure over the cheeks, forehead, or between the eyes",unverified,,,
981644619e43,icmr-stw-acute-rhinosinusitis,see_doctor,1,Reduced or absent sense of smell,unverified,,,
b4bc85ea51c1,icmr-stw-acute-rhinosinusitis,see_doctor,1,Symptoms not improving after a full course of prescribed antibiotics,unverified,,,
0b5e0cd55ec1,icmr-stw-acute-rhinosinusitis,see_doctor,1,Recurrent sinusitis episodes (more than once in a few months),unverified,,,
ae9f71d27eca,icmr-stw-acute-rhinosinusitis,see_doctor,1,"Sinusitis in a person with diabetes, they must see a doctor promptly given higher risk of severe infection",unverified,,,
926b9cb4cea4,icmr-stw-acute-rhinosinusitis,see_doctor,1,"Sinusitis with suspected dental origin, pain on one side of the face near upper teeth",unverified,,,
5c4ae9700bd3,icmr-stw-acute-rhinosinusitis,refer_urgently,1,"Any red flag sign listed above, eye swelling, double vision, confusion, stiff neck, forehead fullness, dark facial tissue",unverified,,,
c2552723fdb2,icmr-stw-acute-rhinosinusitis,refer_urgently,1,Suspected invasive fungal sinusitis in a diabetic or immunocompromised person,unverified,,,
efc07ecefb21,icmr-stw-acute-rhinosinusitis,refer_urgently,1,No improvement after 10 days of correctly prescribed antibiotic treatment,unverified,,,
53bee32a0e84,icmr-stw-acute-rhinosinusitis,refer_urgently,1,Worsening symptoms while already on antibiotic treatment,unverified,,,
88718913d28f,icmr-stw-acute-rhinosinusitis,overview,,"Sinusitis is suspected when nasal blockage, nasal discharge, or facial pain lasting more than 7 days follows a cold. Symptoms lasting less than 7 days are usually a viral cold and do not need antibiotics.",unverified,,,
6155a2cccc89,icmr-stw-bacterial-skin-infections,danger_signs,1,Fever above 100.4 degrees Fahrenheit,unverified,,,
31cc7a04acf0,icmr-stw-bacterial-skin-infections,danger_signs,1,Heart rate above 90 beats per minute,unverified,,,
d9ac20bbf80a,icmr-stw-bacterial-skin-infections,danger_signs,1,Breathing rate above 24 breaths per minute,unverified,,,
c450f8d3d823,icmr-stw-bacterial-skin-infections,danger_signs,1,Very high white blood cell count (signs of sepsis),unverified,,,
72fd0cbabe24,icmr-stw-bacterial-skin-infections,danger_signs,1,"Severe pain in the skin followed by a sudden, deceptive absence of pain, this may indicate necrotising fasciitis, a life-threatening infection",unverified,,,
24e8c1c5747e,icmr-stw-bacterial-skin-infections,danger_signs,1,Dark discoloration of the overlying skin,unverified,,,
1b0cde4c5e8d,icmr-stw-bacterial-skin-infections,danger_signs,1,"Skin blistering, sloughing (peeling off), or tissue breakdown",unverified,,,
3e93db17f425,icmr-stw-bacterial-skin-infections,danger_signs,1,Low blood pressure or signs of shock,unverified,,,
2ef4e9aa5ace,icmr-stw-bacterial-skin-infections,danger_signs,1,Widespread peeling or scaling of skin across the body,unverified,,,
79365b7271b8,icmr-stw-bacterial-skin-infections,danger_signs,1,Skin that appears tender and warm before it starts to peel,unverified,,,
0ee1625e23a3,icmr-stw-bacterial-skin-infections,danger_signs,1,Fever with general feeling of being very unwell,unverified,,,
c4913a7dedd4,icmr-stw-bacterial-skin-infections,danger_signs,1,Signs of dehydration,unverified,,,
a8b8a9914b29,icmr-stw-bacterial-skin-infections,self_care,1,Maintain good skin hygiene and wash hands regularly,unverified,,,
08590f7176e7,icmr-stw-bacterial-skin-infections,self_care,1,Avoid applying oil on affected skin,unverified,,,
690ce42b4c28,icmr-stw-bacterial-skin-infections,self_care,1,Eat adequate nutritious food to support healing,unverified,,,
f3adecc3d079,icmr-stw-bacterial-skin-infections,self_care,1,"For small wounds or minor folliculitis, keep the area clean and dry",unverified,,,
e68e35883630,icmr-stw-bacterial-skin-infections,self_care,1,"Do not squeeze, pick, or burst a boil or abscess, this can spread the infection",unverified,,,
1e31d4a4a319,icmr-stw-bacterial-skin-infections,self_care,1,Wash clothes and towels separately in hot water and dry them in sunlight,unverified,,,
fd419fd829e5,icmr-stw-bacterial-skin-infections,self_care,1,"Avoid sharing towels, clothes, or personal items with others",unverified,,,
2bca16b0604c,icmr-stw-bacterial-skin-infections,see_doctor,1,"A boil, abscess, or skin swelling that is growing larger, becoming more painful, or not improving",unverified,,,
c2c8a417cc5c,icmr-stw-bacterial-skin-infections,see_doctor,1,Redness spreading outward from a wound or infection site,unverified,,,
141c915ec796,icmr-stw-bacterial-skin-infections,see_doctor,1,Any skin infection with mild fever,unverified,,,
007d2aaf52ef,icmr-stw-bacterial-skin-infections,see_doctor,1,"Skin infection in a person with diabetes, skin infections tend to be more severe in diabetic patients",unverified,,,
f34d1d58f179,icmr-stw-bacterial-skin-infections,see_doctor,1,Recurrent boils or folliculitis in multiple family members,unverified,,,
0ac592c73984,icmr-stw-bacterial-skin-infections,see_doctor,1,"Infection affecting the lower limbs with redness, pain, and swelling (cellulitis)",unverified,,,
ffe2326815c6,icmr-stw-bacterial-skin-infections,see_doctor,1,A thick black crust with an underlying sore (ecthyma),unverified,,,
cf0fecc79f4f,icmr-stw-bacterial-skin-infections,see_doctor,1,Impetigo (wet yellow-brown crusts over inflamed skin) that is widespread or not improving,unverified,,,
23be8247259f,icmr-stw-bacterial-skin-infections,refer_urgently,1,"Any red flag sign listed above, fever, fast heartbeat, fast breathing, low blood pressure",unverified,,,
875126a32117,icmr-stw-bacterial-skin-infections,refer_urgently,1,"Severe pain followed by sudden relief, possible necrotising fasciitis",unverified,,,
e944b0b31c74,icmr-stw-bacterial-skin-infections,refer_urgently,1,Dark skin over an infected area,unverified,,,
e263a99e4fbb,icmr-stw-bacterial-skin-infections,refer_urgently,1,Widespread skin peeling or blistering,unverified,,,
a4ec2d1dd84a,icmr-stw-bacterial-skin-infections,refer_urgently,1,"A skin infection in someone who is immunocompromised (on steroids, chemotherapy, or with HIV)",unverified,,,
4d25698d7fe7,icmr-stw-bacterial-skin-infections,refer_urgently,1,A large abscess or carbuncle that requires drainage,unverified,,,
e9e69183f91d,icmr-stw-bacterial-skin-infections,refer_urgently,1,No improvement after 2 to 3 days of treatment,unverified,,,
364e94fc429a,icmr-stw-bacterial-skin-infections,refer_urgently,1,"Signs of blood poisoning (septicaemia): high fever, confusion, rapid deterioration",unverified,,,
d06b1a10db80,icmr-stw-bacterial-skin-infections,reference,,Impetigo,unverified,,,
5682dfba2487,icmr-stw-bacterial-skin-infections,reference,,Ecthyma,unverified,,,
3e3eca5ff2b4,icmr-stw-bacterial-skin-infections,reference,,Folliculitis,unverified,,,
6ae0166c6b6b,icmr-stw-bacterial-skin-infections,reference,,Furuncle (boil),unverified,,,
37e29152ef43,icmr-stw-bacterial-skin-infections,reference,,Carbuncle,unverified,,,
7bd5001f801c,icmr-stw-bacterial-skin-infections,reference,,Cutaneous abscess,unverified,,,
c5e97a89a6b0,icmr-stw-bacterial-skin-infections,reference,,Cellulitis,unverified,,,
17bd89e157b3,icmr-stw-bacterial-skin-infections,reference,,Erysipelas,unverified,,,
90e5c5b71970,icmr-stw-bacterial-skin-infections,reference,,Staphylococcal scalded skin syndrome,unverified,,,
03211e5f54c5,icmr-stw-dengue-fever,danger_signs,1,Severe abdominal pain or tenderness,unverified,,,
4b5e78115c89,icmr-stw-dengue-fever,danger_signs,1,Persistent vomiting that does not stop,unverified,,,
9df5558a1d05,icmr-stw-dengue-fever,danger_signs,1,"Bleeding from any site: black or tarry stools, bleeding gums, nosebleed, blood in urine, or unusual bruising",unverified,,,
240f966588fe,icmr-stw-dengue-fever,danger_signs,1,Fluid accumulation visible as swelling of the abdomen or difficulty breathing due to fluid around the lungs,unverified,,,
edba204a81e6,icmr-stw-dengue-fever,danger_signs,1,Liver enlargement (swollen or tender abdomen on the right side),unverified,,,
f509cf4a9469,icmr-stw-dengue-fever,danger_signs,1,"Signs of shock: weak and rapid pulse, cold and clammy skin, extreme restlessness or sudden fatigue, low blood pressure",unverified,,,
89f2605e95f0,icmr-stw-dengue-fever,danger_signs,1,Decreased or no urine output for several hours,unverified,,,
99468220f73d,icmr-stw-dengue-fever,danger_signs,1,"Sudden drop in fever combined with worsening of general condition, this is a dangerous phase in dengue",unverified,,,
cd5e66112d45,icmr-stw-dengue-fever,danger_signs,1,"Confusion, altered behaviour, or loss of consciousness",unverified,,,
61d229cf1977,icmr-stw-dengue-fever,self_care,1,"Rest completely, do not attempt to go to work or school",unverified,,,
ff497c291e65,icmr-stw-dengue-fever,self_care,1,"Drink plenty of fluids: water, ORS, coconut water, fruit juices, soups, dengue causes significant fluid loss",unverified,,,
e87be6c7d3f0,icmr-stw-dengue-fever,self_care,1,"Take paracetamol for fever only, do not take aspirin, ibuprofen, or other NSAIDs as these increase the risk of bleeding in dengue",unverified,,,
59dd9f60f6cf,icmr-stw-dengue-fever,self_care,1,Apply a cold compress or sponge with lukewarm water for high fever,unverified,,,
2484d66a6f07,icmr-stw-dengue-fever,self_care,1,"Monitor closely for any warning sign listed above, if any appear, go to hospital immediately",unverified,,,
b7a47219b7b4,icmr-stw-dengue-fever,self_care,1,"Daily monitoring is essential even at home: check if the person can drink fluids, passes urine, and has no new bleeding",unverified,,,
073624268e80,icmr-stw-dengue-fever,self_care,1,"Protect the patient from further mosquito bites to prevent spreading dengue to others, use mosquito nets and repellents",unverified,,,
2d9caecb4c14,icmr-stw-dengue-fever,self_care,1,Do not self-medicate with any anti-inflammatory or blood-thinning medicines,unverified,,,
9186a7c2c669,icmr-stw-dengue-fever,see_doctor,1,"Fever with severe headache, pain behind the eyes, and body aches, especially in a dengue-prone area or after recent travel",unverified,,,
ea4a8d513200,icmr-stw-dengue-fever,see_doctor,1,Fever with a skin rash,unverified,,,
e1b7cdfcb037,icmr-stw-dengue-fever,see_doctor,1,Fever that persists beyond 2 to 3 days without improvement,unverified,,,
f2fc859bfa30,icmr-stw-dengue-fever,see_doctor,1,"Fever suddenly dropping but the person feeling worse, this is a critical phase requiring monitoring",unverified,,,
675094fe4999,icmr-stw-dengue-fever,see_doctor,1,"Any dengue fever in a child, elderly person, pregnant woman, or someone with diabetes, heart disease, or kidney disease, these groups are at higher risk of severe dengue",unverified,,,
7e95276585ce,icmr-stw-dengue-fever,refer_urgently,1,"Any warning sign listed above, severe abdominal pain, persistent vomiting, bleeding, signs of shock, confusion, no urine output",unverified,,,
6ba9cee1d7b0,icmr-stw-dengue-fever,refer_urgently,1,"Dengue with suspected shock: cold extremities, restlessness, weak pulse",unverified,,,
f15355983fc2,icmr-stw-dengue-fever,refer_urgently,1,Dengue with active bleeding from any site,unverified,,,
8b87ecfaf689,icmr-stw-dengue-fever,refer_urgently,1,Dengue with severe difficulty breathing,unverified,,,
64761d754140,icmr-stw-dengue-fever,refer_urgently,1,Dengue with impaired consciousness,unverified,,,
5901a9f55b2a,icmr-stw-dengue-fever,overview,,"Dengue is a mosquito-borne viral fever. Suspect dengue if a person has fever and two or more of the following: nausea, vomiting, rash, muscle pain, headache, pain behind the eyes, joint pain, or unusual bleeding, especially if they live in or recently travelled to a dengue-prone area.",unverified,,,
2502b2408159,icmr-stw-dengue-fever,overview,,Dengue must be managed under medical supervision with daily monitoring of blood counts and clinical status. Do not treat dengue at home beyond basic supportive care. The transition from mild to severe dengue can happen quickly.,unverified,,,
196755ce0e9f,icmr-stw-dermatophytosis,danger_signs,1,Very extensive infection covering large areas of the body,unverified,,,
f63167d4a1c0,icmr-stw-dermatophytosis,danger_signs,1,No improvement at all after 4 weeks of regular treatment,unverified,,,
f0d33fed971e,icmr-stw-dermatophytosis,danger_signs,1,Infection that keeps coming back repeatedly despite completing full treatment,unverified,,,
8b3ee2fdd4e2,icmr-stw-dermatophytosis,danger_signs,1,"Infection present during pregnancy or in someone with liver, kidney, or heart disease",unverified,,,
cf262dec8dcc,icmr-stw-dermatophytosis,danger_signs,1,"Suspected or known history of prolonged use of steroid-containing creams, these can significantly worsen fungal infections and make them very difficult to treat",unverified,,,
3b2b161b3fb9,icmr-stw-dermatophytosis,self_care,1,Take a daily bath with regular soap and normal temperature water,unverified,,,
4bc2d77ea6cb,icmr-stw-dermatophytosis,self_care,1,"Dry the skin thoroughly after bathing, especially the area between the toes and skin folds",unverified,,,
e94c6acd35ad,icmr-stw-dermatophytosis,self_care,1,Wash clothes separately in hot water and dry them inside-out in the sun,unverified,,,
0218004e3037,icmr-stw-dermatophytosis,self_care,1,"Do not share towels, clothes, or undergarments with others",unverified,,,
7bf6f2ed734b,icmr-stw-dermatophytosis,self_care,1,Do not re-wear clothes before washing them,unverified,,,
4a2a8c391d04,icmr-stw-dermatophytosis,self_care,1,"Keep nails trimmed short, infected nails are fragile and can spread the fungus",unverified,,,
5c6fd7c0a293,icmr-stw-dermatophytosis,self_care,1,Avoid walking barefoot in public places such as swimming pools or community bathing areas,unverified,,,
3969f09df6e7,icmr-stw-dermatophytosis,self_care,1,Wear cotton socks and change them daily,unverified,,,
eb3132513315,icmr-stw-dermatophytosis,self_care,1,"Do not use any steroid-containing cream (often sold as combination creams at chemists), these make fungal infections much worse",unverified,,,
299b4a25c75e,icmr-stw-dermatophytosis,self_care,1,"Do not stop treatment as soon as the itching improves, always complete the full course as the infection is still present",unverified,,,
5666421f42c5,icmr-stw-dermatophytosis,self_care,1,Do not self-medicate; this can make the infection harder to treat later,unverified,,,
5b0cd6b5a99a,icmr-stw-dermatophytosis,see_doctor,1,"Any itchy, ring-shaped, scaly rash on the skin, groin, feet, or hands",unverified,,,
97ddb34d205b,icmr-stw-dermatophytosis,see_doctor,1,"Nail discoloration, thickening, or crumbling",unverified,,,
b785717bea58,icmr-stw-dermatophytosis,see_doctor,1,Infection that has not responded to treatment after 4 weeks,unverified,,,
1ab99939cf04,icmr-stw-dermatophytosis,see_doctor,1,Infection spreading to other family members,unverified,,,
aa9e6226a211,icmr-stw-dermatophytosis,see_doctor,1,"Infection in the groin, palms, or soles",unverified,,,
5ee0a5ff25cf,icmr-stw-dermatophytosis,see_doctor,1,"Scaling along the creases of palms or soles, or dried blisters on feet",unverified,,,
04a4c20985ae,icmr-stw-dermatophytosis,see_doctor,1,If you are pregnant or have a chronic illness before starting any treatment,unverified,,,
7777918652d6,icmr-stw-dermatophytosis,refer_urgently,1,Very extensive body-wide disease,unverified,,,
7c0f255d0c5f,icmr-stw-dermatophytosis,refer_urgently,1,No improvement after 4 weeks of regular treatment with correct antifungals,unverified,,,
88f597daae80,icmr-stw-dermatophytosis,refer_urgently,1,Infection not clearing despite prolonged treatment and good compliance,unverified,,,
f7de2551e3d3,icmr-stw-dermatophytosis,refer_urgently,1,Recurrent infection,unverified,,,
61b5f4e23897,icmr-stw-dermatophytosis,refer_urgently,1,"Presence of conditions that affect treatment choices: pregnancy, liver disease, kidney disease, or heart disease",unverified,,,
13015451623f,icmr-stw-dermatophytosis,reference,,Tinea corporis (ringworm on body),unverified,,,
cfe6590c7aed,icmr-stw-dermatophytosis,reference,,Tinea cruris (groin area),unverified,,,
2f20bd0f7d85,icmr-stw-dermatophytosis,reference,,Tinea pedis (athlete's foot),unverified,,,
b97355c7c9c9,icmr-stw-dermatophytosis,reference,,Tinea manuum (hands),unverified,,,
0ba6f30d3f6e,icmr-stw-dermatophytosis,reference,,Onychomycosis (nail infection),unverified,,,
91f5895315d1,icmr-stw-diabetes-type2,danger_signs,1,"Hypoglycaemia (low blood sugar), symptoms: trembling or shaking, sudden sweating, anxiety or irritability, confusion, fast heartbeat, dizziness, blurred vision, weakness, seizures, or unconsciousness. These can occur if a person with diabetes skips meals or takes too much diabetes medicine. Immediate action: if the person is conscious and able to swallow, give sugar immediately, loose sugar, a sweet biscuit, misri (rock candy), or any sweet drink. If unconscious, do not give anything by mouth, go to hospital immediately.",unverified,,,
a2c3aa5c46ae,icmr-stw-diabetes-type2,danger_signs,1,"Very high blood sugar with confusion, rapid breathing, and extreme thirst, may indicate diabetic ketoacidosis (DKA), which is a medical emergency",unverified,,,
11e03a22cd27,icmr-stw-diabetes-type2,danger_signs,1,"Chest pain or severe breathlessness in a person with diabetes, diabetes significantly increases the risk of heart attack",unverified,,,
01cbfbaab73b,icmr-stw-diabetes-type2,danger_signs,1,"Stroke warning signs in a person with diabetes: sudden one-sided weakness, speech difficulty, severe headache, vision loss, go to hospital immediately",unverified,,,
e62b0101b6c0,icmr-stw-diabetes-type2,danger_signs,1,"Non-healing wound or foot ulcer with spreading redness, swelling, pus, or bad smell, diabetic foot infections can become life-threatening quickly",unverified,,,
2364df035737,icmr-stw-diabetes-type2,danger_signs,1,"High fever with severe infection signs in a diabetic person, diabetes worsens the severity of infections",unverified,,,
147b56175c51,icmr-stw-diabetes-type2,self_care,1,"Take your diabetes medicines exactly as prescribed by your doctor, do not stop or change the dose on your own",unverified,,,
c39cd43afdd7,icmr-stw-diabetes-type2,self_care,1,"Eat regular meals at consistent times, skipping meals can cause low blood sugar in those on certain diabetes medicines",unverified,,,
93f112a887fe,icmr-stw-diabetes-type2,self_care,1,"Always carry something sweet (sugar, misri, a biscuit) in case of low blood sugar symptoms",unverified,,,
68e35e774fd6,icmr-stw-diabetes-type2,self_care,1,"Follow a diet low in refined sugar, white rice, maida, and sweet drinks. Eat more vegetables, whole grains, pulses, and fruits in moderate amounts",unverified,,,
90e70c3089e9,icmr-stw-diabetes-type2,self_care,1,"Be physically active, at least 30 minutes of walking or light exercise daily helps control blood sugar",unverified,,,
e85a2f4c163f,icmr-stw-diabetes-type2,self_care,1,"Do not smoke, smoking dramatically increases the risk of heart attack and kidney damage in diabetics",unverified,,,
da0b50e89c01,icmr-stw-diabetes-type2,self_care,1,Avoid alcohol or use it very minimally,unverified,,,
5a67f9aa6be1,icmr-stw-diabetes-type2,self_care,1,"Inspect your feet every day for cuts, blisters, redness, swelling, or wounds, even small injuries can become serious in diabetics",unverified,,,
cb09ce71e3e4,icmr-stw-diabetes-type2,self_care,1,"Wear proper footwear at all times, avoid going barefoot",unverified,,,
9ac2e38e71a4,icmr-stw-diabetes-type2,self_care,1,Monitor your blood sugar regularly as advised by your doctor,unverified,,,
51528386742e,icmr-stw-diabetes-type2,self_care,1,"Keep all follow-up appointments, diabetes requires regular monitoring of blood sugar, blood pressure, kidney function, and eyes",unverified,,,
3e25fad39c6a,icmr-stw-diabetes-type2,see_doctor,1,"Symptoms that may suggest undiagnosed diabetes: frequent urination, excessive thirst, increased hunger, unexplained weight loss, extreme tiredness, blurred vision, slow-healing wounds, or recurring infections",unverified,,,
76065cc50c88,icmr-stw-diabetes-type2,see_doctor,1,Blood sugar reading on a home glucometer that is consistently high,unverified,,,
24053c6a48bb,icmr-stw-diabetes-type2,see_doctor,1,"Any person above 30 years of age who is overweight, has a family history of diabetes, or has high blood pressure, they should be screened annually",unverified,,,
b112619c8466,icmr-stw-diabetes-type2,see_doctor,1,Any wound or cut on the foot in a diabetic that is not healing within a few days,unverified,,,
377ded4d0f81,icmr-stw-diabetes-type2,see_doctor,1,"Recurring infections: skin infections, fungal infections, urinary infections, or oral thrush in a person not known to be diabetic",unverified,,,
2c12642f3c6f,icmr-stw-diabetes-type2,see_doctor,1,A diabetic person whose blood sugar is not well controlled despite following advice,unverified,,,
a64e768b2da8,icmr-stw-diabetes-type2,see_doctor,1,"A diabetic person starting any new illness, even a common cold or fever needs closer monitoring",unverified,,,
076fb4f7891f,icmr-stw-diabetes-type2,refer_urgently,1,"Any emergency danger sign listed above, hypoglycaemia with unconsciousness, chest pain, stroke signs, severe infection, spreading foot wound",unverified,,,
c2eaf35ce5e7,icmr-stw-diabetes-type2,refer_urgently,1,"A diabetic person who is very unwell, confused, or unable to eat or drink",unverified,,,
1ccd618f8b9d,icmr-stw-diabetes-type2,refer_urgently,1,"Diabetic foot ulcer with spreading redness or foul smell, this requires urgent specialist care to prevent amputation",unverified,,,
2771571216bc,icmr-stw-diabetes-type2,refer_urgently,1,A diabetic with very high or very low blood sugar readings and symptoms,unverified,,,
e2bea9a14de8,icmr-stw-diabetes-type2,reference,1,"All adults above 30 years of age, at least once a year",unverified,,,
c89cf28faf28,icmr-stw-diabetes-type2,reference,1,Anyone who is overweight or obese,unverified,,,
0f56c946fda9,icmr-stw-diabetes-type2,reference,1,Anyone with a first-degree relative (parent or sibling) with diabetes,unverified,,,
9501aebb9ce8,icmr-stw-diabetes-type2,reference,1,Anyone with high blood pressure or high cholesterol,unverified,,,
651dc851a207,icmr-stw-diabetes-type2,reference,1,Women with a history of diabetes during pregnancy (gestational diabetes),unverified,,,
951c148b0e85,icmr-stw-diabetes-type2,reference,1,"Anyone with symptoms: frequent urination, excessive thirst, unexplained weight loss, repeated infections, or slow-healing wounds",unverified,,,
76ea84d752f4,icmr-stw-diabetes-type2,reference,,"AIRA covers diabetes awareness, symptom recognition, and triage only. Diabetes management, medication, and dose advice must come from a doctor.",unverified,,,
27c159090b62,icmr-stw-eczema-dermatitis,danger_signs,1,"Eczema with pus discharge, yellow crusting, or increasing warmth, this indicates a secondary bacterial infection",unverified,,,
34cd6dc77436,icmr-stw-eczema-dermatitis,danger_signs,1,Widespread skin involvement with blistering or skin breakdown,unverified,,,
e4b574dd231f,icmr-stw-eczema-dermatitis,danger_signs,1,Eczema associated with fever,unverified,,,
72f26e816f76,icmr-stw-eczema-dermatitis,danger_signs,1,Severe eczema covering large parts of the body that is not responding to any treatment,unverified,,,
f497748b44fa,icmr-stw-eczema-dermatitis,self_care,1,"Apply a moisturiser immediately after bathing while the skin is still slightly damp, this is the most important step in managing eczema",unverified,,,
07e289aab8ec,icmr-stw-eczema-dermatitis,self_care,1,"Apply moisturiser multiple times during the day, not just once",unverified,,,
31c8d461a179,icmr-stw-eczema-dermatitis,self_care,1,Bathe daily with a mild soap and normal temperature water; avoid hot water,unverified,,,
94c1d931f64c,icmr-stw-eczema-dermatitis,self_care,1,Keep fingernails short to reduce damage from scratching,unverified,,,
d7b45d3352b3,icmr-stw-eczema-dermatitis,self_care,1,"Avoid scratching, scratching worsens eczema and risks infection",unverified,,,
53f6d6f71a9b,icmr-stw-eczema-dermatitis,self_care,1,"Identify and avoid triggers: specific soaps, detergents, fabrics, plants, or foods that make the skin worse",unverified,,,
434e7f480330,icmr-stw-eczema-dermatitis,self_care,1,"Wear loose, cotton clothing to reduce irritation",unverified,,,
7c70ed99e4f9,icmr-stw-eczema-dermatitis,self_care,1,"Avoid high-risk occupational exposures if possible: agricultural work, construction, hairdressing involve frequent skin contact with irritants",unverified,,,
b021588544ca,icmr-stw-eczema-dermatitis,self_care,1,"For contact dermatitis, identify and remove the cause (e.g. a specific soap, metal, or plant)",unverified,,,
b53d3a0c8693,icmr-stw-eczema-dermatitis,self_care,1,"Atopic dermatitis is often worse in winter, extra moisturising is important in cold weather",unverified,,,
b2d6a57a939e,icmr-stw-eczema-dermatitis,self_care,1,"Do not use any steroid creams on your own without a doctor's guidance, especially on the face or skin folds",unverified,,,
3afed764fcf3,icmr-stw-eczema-dermatitis,see_doctor,1,"Any new rash with redness, scaling, or itching that is not improving within a week of basic care",unverified,,,
80383d6bdd03,icmr-stw-eczema-dermatitis,see_doctor,1,"Eczema on the face, eyelids, or genitals",unverified,,,
fa10053a842f,icmr-stw-eczema-dermatitis,see_doctor,1,Rash that you suspect may be caused by an allergen or irritant at work,unverified,,,
c751275f0c88,icmr-stw-eczema-dermatitis,see_doctor,1,Eczema that keeps recurring in the same areas,unverified,,,
afdaf5a357f6,icmr-stw-eczema-dermatitis,see_doctor,1,Skin that has become thickened or leathery in patches from long-standing eczema,unverified,,,
d93bf33debe8,icmr-stw-eczema-dermatitis,see_doctor,1,"Eczema with signs of infection: pus, yellow crust, or increasing redness",unverified,,,
b11435640f07,icmr-stw-eczema-dermatitis,see_doctor,1,"Eczema in a child, particularly if involving the face, skin folds, or causing disturbed sleep from itching",unverified,,,
e1f716c7bc0f,icmr-stw-eczema-dermatitis,refer_urgently,1,Severe eczema not responding to treatment at the primary care level,unverified,,,
dccbb755c5ec,icmr-stw-eczema-dermatitis,refer_urgently,1,Widespread disease requiring phototherapy or systemic treatment,unverified,,,
ca26aa7e16c9,icmr-stw-eczema-dermatitis,refer_urgently,1,Suspected allergic contact dermatitis where patch testing is needed to identify the allergen,unverified,,,
4e0aab388f4b,icmr-stw-eczema-dermatitis,refer_urgently,1,"Unusual presentations that may be mistaken for eczema: psoriasis, fungal infection, or cutaneous lymphoma",unverified,,,
a15445723a48,icmr-stw-eczema-dermatitis,reference,,Atopic dermatitis,unverified,,,
17657ded1207,icmr-stw-eczema-dermatitis,reference,,Contact dermatitis (allergic and irritant),unverified,,,
504165f943c3,icmr-stw-eczema-dermatitis,reference,,Seborrhoeic dermatitis,unverified,,,
2ae3ea203166,icmr-stw-eczema-dermatitis,reference,,Nummular eczema,unverified,,,
96c64ef426fa,icmr-stw-eczema-dermatitis,reference,,Venous eczema,unverified,,,
6334876a705c,icmr-stw-eczema-dermatitis,reference,,Hand eczema,unverified,,,
bd6b635816d4,icmr-stw-epistaxis,danger_signs,1,Nosebleed that does not stop after 20 minutes of correct first aid,unverified,,,
bf8abefafd55,icmr-stw-epistaxis,danger_signs,1,"Nosebleed with very heavy or rapid blood loss causing dizziness, weakness, or faintness",unverified,,,
06d675b137fd,icmr-stw-epistaxis,danger_signs,1,"Nosebleed only from one side of the nose persistently, without a clear cause like trauma, this may need investigation",unverified,,,
81210b9bb7b4,icmr-stw-epistaxis,danger_signs,1,"Nosebleed with nasal blockage, a visible mass, or changes in vision or the eye, could indicate a serious nasal or sinus condition",unverified,,,
08311787a6ca,icmr-stw-epistaxis,danger_signs,1,Nosebleed in a person on blood thinners or with a known bleeding disorder,unverified,,,
a63a5bc0ce00,icmr-stw-epistaxis,danger_signs,1,Nosebleed in a person with uncontrolled high blood pressure,unverified,,,
7c781172d767,icmr-stw-epistaxis,danger_signs,1,Nosebleed in a person after head trauma,unverified,,,
e11116b1bac7,icmr-stw-epistaxis,danger_signs,1,"Nosebleed with bleeding from other sites at the same time, gums, skin bruising, blood in urine or stool, may indicate a blood disorder",unverified,,,
5fecb801132a,icmr-stw-epistaxis,danger_signs,1,"Recurrent, profuse nosebleeds in a teenage boy, requires specialist evaluation",unverified,,,
806a885e5710,icmr-stw-epistaxis,self_care,1,"Sit upright and lean slightly forward, do not tilt the head back, as this causes blood to flow down the throat and may cause vomiting or choking",unverified,,,
90918906c777,icmr-stw-epistaxis,self_care,1,Breathe through your mouth,unverified,,,
4f9efc998491,icmr-stw-epistaxis,self_care,1,"Pinch the soft part of the nose (just below the bony bridge) firmly with your thumb and index finger, this is called Trotter's position",unverified,,,
78a64d3142c5,icmr-stw-epistaxis,self_care,1,"Hold the nose pinched continuously for 10 minutes without releasing, use a clock to time it, as most people underestimate the time",unverified,,,
4cf22e980c96,icmr-stw-epistaxis,self_care,1,Apply a cold compress or ice wrapped in a cloth to the nose and cheeks,unverified,,,
4eee6cf1370f,icmr-stw-epistaxis,self_care,1,"After 10 minutes, gently release and check if bleeding has stopped",unverified,,,
0ebd8042eff0,icmr-stw-epistaxis,self_care,1,"If bleeding continues, repeat the pinching for another 10 minutes",unverified,,,
621fa489649a,icmr-stw-epistaxis,self_care,1,Avoid blowing the nose forcefully immediately after the bleeding stops,unverified,,,
e7efb5a426d5,icmr-stw-epistaxis,self_care,1,"Avoid hot drinks, physical exertion, and bending over for several hours after a nosebleed",unverified,,,
f1b9bbbc4b74,icmr-stw-epistaxis,self_care,1,"Apply a small amount of petroleum jelly or liquid paraffin inside the nostril daily if you get recurrent nosebleeds due to dry air, this helps keep the mucosa moist",unverified,,,
5c5b1b765fc7,icmr-stw-epistaxis,self_care,1,Most nosebleeds in children are from the front of the nose (Little's area) due to dry air or nose picking and stop quickly with simple pressure,unverified,,,
f7944bb3ce90,icmr-stw-epistaxis,see_doctor,1,Nosebleed that stopped but recurs frequently,unverified,,,
97100cd288dc,icmr-stw-epistaxis,see_doctor,1,"Known high blood pressure with recurring nosebleeds, blood pressure needs to be checked and controlled",unverified,,,
da10004b7803,icmr-stw-epistaxis,see_doctor,1,Nosebleed in a person with diabetes,unverified,,,
4f2ea722a239,icmr-stw-epistaxis,see_doctor,1,Nosebleed in a child that keeps coming back despite no obvious cause,unverified,,,
c92ef90c9d2f,icmr-stw-epistaxis,refer_urgently,1,Nosebleed not stopping after 20 minutes of sustained pressure,unverified,,,
eb4a40931726,icmr-stw-epistaxis,refer_urgently,1,"Heavy blood loss with dizziness, weakness, or rapid pulse",unverified,,,
accddb7e26dd,icmr-stw-epistaxis,refer_urgently,1,Nosebleed following a head injury,unverified,,,
7bfd0e186f18,icmr-stw-epistaxis,refer_urgently,1,Nosebleed with associated bleeding from other sites,unverified,,,
832d7d8fa9df,icmr-stw-epistaxis,refer_urgently,1,"Nosebleed with one-sided nasal blockage, vision changes, or a visible swelling in the nose or face",unverified,,,
5a3543d4bb02,icmr-stw-epistaxis,overview,,"Epistaxis means bleeding from the nose. Most nosebleeds in adults are minor and related to dry air, nose picking, trauma, or uncontrolled blood pressure. Most can be managed at home with simple first aid.",unverified,,,
e715978d4f1f,icmr-stw-headache,danger_signs,1,"The worst headache of your life, a sudden, extremely severe headache that reaches maximum intensity within seconds to minutes (thunderclap headache). This can be a sign of bleeding in the brain.",unverified,,,
cfe70d823b90,icmr-stw-headache,danger_signs,1,"First ever severe headache, especially in a person who does not usually get headaches",unverified,,,
3bd016f04d20,icmr-stw-headache,danger_signs,1,"Headache with fever and stiff neck, may indicate meningitis",unverified,,,
1e7f7694e0a0,icmr-stw-headache,danger_signs,1,"Headache with fever and change in behaviour, personality, or level of consciousness",unverified,,,
4a56321636a5,icmr-stw-headache,danger_signs,1,Headache with confusion or disorientation,unverified,,,
1839789171ac,icmr-stw-headache,danger_signs,1,"Headache with weakness, numbness, or paralysis on one side of the body or face",unverified,,,
a7c4abb3ad21,icmr-stw-headache,danger_signs,1,Headache with sudden vision changes or vision loss,unverified,,,
27d23161b2d2,icmr-stw-headache,danger_signs,1,Severe headache that wakes you up from sleep,unverified,,,
b8339d13bb51,icmr-stw-headache,danger_signs,1,Headache in a pregnant woman or someone who has recently given birth,unverified,,,
54d33e6c5aa9,icmr-stw-headache,danger_signs,1,New headache type in a person with cancer or a weakened immune system,unverified,,,
54ade22e7c94,icmr-stw-headache,danger_signs,1,Progressive headache that is steadily getting worse over days or weeks,unverified,,,
461ae53cb76c,icmr-stw-headache,danger_signs,1,Headache associated with a recent head injury,unverified,,,
850e18297bf8,icmr-stw-headache,self_care,1,"Rest in a quiet, dark, and cool room, this is especially helpful for migraine",unverified,,,
0d80e435a8db,icmr-stw-headache,self_care,1,Paracetamol can be taken for pain relief as per the dosage on the pack,unverified,,,
ff8a85387dbc,icmr-stw-headache,self_care,1,"Stay hydrated, dehydration is a common trigger for headaches",unverified,,,
1eecf1c8c12e,icmr-stw-headache,self_care,1,Apply a cold or warm compress to the forehead or the back of the neck,unverified,,,
684e733da8cb,icmr-stw-headache,self_care,1,"Avoid known personal triggers: irregular sleep, skipping meals, too much screen time, bright lights, strong smells, stress",unverified,,,
9024429b583f,icmr-stw-headache,self_care,1,"Ensure at least 6 hours of sleep regularly, sleep deprivation is a major trigger for both tension headache and migraine",unverified,,,
d460ca152f90,icmr-stw-headache,self_care,1,"Reduce caffeine intake gradually if you consume large amounts, sudden stopping can also trigger headaches",unverified,,,
bc539ab03002,icmr-stw-headache,self_care,1,"Stress management: take short breaks, practice deep breathing, and avoid overwork",unverified,,,
0a23310933c6,icmr-stw-headache,self_care,1,"For migraine, lie down in a dark room and sleep if possible, sleep often relieves migraine",unverified,,,
5d8540543119,icmr-stw-headache,self_care,1,"Do not take painkillers more than 3 days a week for headaches, overuse of painkillers causes its own rebound headaches",unverified,,,
91bef3f0a54f,icmr-stw-headache,see_doctor,1,Headaches occurring more than twice a month,unverified,,,
becc0752c702,icmr-stw-headache,see_doctor,1,Headaches that are interfering with daily work or sleep,unverified,,,
e8f2f367e940,icmr-stw-headache,see_doctor,1,Headaches that are getting more frequent or more severe over time,unverified,,,
9de70119f625,icmr-stw-headache,see_doctor,1,Migraine not responding to paracetamol,unverified,,,
ace7a72fb857,icmr-stw-headache,see_doctor,1,Headache always on the same side of the head,unverified,,,
3f3f699fbd29,icmr-stw-headache,see_doctor,1,Headache with nausea and vomiting regularly,unverified,,,
e085252de2ef,icmr-stw-headache,see_doctor,1,Tension headache persisting for many years with significant sleep disturbance,unverified,,,
9fb44bc7d99f,icmr-stw-headache,see_doctor,1,Any new or unusual headache pattern that you have not had before,unverified,,,
15d4cfe88dc9,icmr-stw-headache,refer_urgently,1,"Any red flag sign listed above, thunderclap headache, fever with stiff neck, confusion, one-sided weakness, vision loss, worst headache of your life",unverified,,,
88c70fa9af22,icmr-stw-headache,refer_urgently,1,Headache that is progressively worsening over days and not responding to any treatment,unverified,,,
b43dce70a461,icmr-stw-headache,refer_urgently,1,Headache with seizures or loss of consciousness,unverified,,,
d184cbbf8c98,icmr-stw-headache,refer_urgently,1,Headache in someone with a known cancer or on immunosuppressive drugs,unverified,,,
c20e34cce4df,icmr-stw-headache,refer_urgently,1,"Severe migraine with hemiplegia (arm or leg weakness on one side), vertigo, or significant visual impairment, these are atypical and need urgent evaluation to rule out stroke",unverified,,,
f84d0587a4e7,icmr-stw-headache,reference,,Tension headache,unverified,,,
28ddbda22a62,icmr-stw-headache,reference,,Migraine,unverified,,,
bc204b4e9c3b,icmr-stw-headache,reference,,Cluster headache,unverified,,,
54b92294fc7b,icmr-stw-headache,reference,,Secondary headache due to serious underlying conditions,unverified,,,
11647faecfd9,asha-ncd-hypertension,danger_signs,31,"Pain, pressure, or constriction in the centre of the chest lasting more than 30 minutes",unverified,,,
592378af5858,asha-ncd-hypertension,danger_signs,31,"Pain spreading to the jaw, neck, arms, shoulders, or back",unverified,,,
77ab6342bd9c,asha-ncd-hypertension,danger_signs,31,Shortness of breath along with chest discomfort,unverified,,,
7d3f19212af0,asha-ncd-hypertension,danger_signs,31,Nausea with chest pain,unverified,,,
4c0c53e2b30b,asha-ncd-hypertension,danger_signs,31,Loss of consciousness,unverified,,,
1c3dbc3a265d,asha-ncd-hypertension,danger_signs,32,"Sudden weakness, paralysis, or numbness on one side of the face, arm, or leg",unverified,,,
e210f54ada01,asha-ncd-hypertension,danger_signs,32,Loss of speech or sudden difficulty speaking or understanding speech,unverified,,,
792f321cb467,asha-ncd-hypertension,danger_signs,32,"Dimness or loss of vision, particularly in one eye",unverified,,,
66e5615df1e9,asha-ncd-hypertension,danger_signs,32,"Unexplained dizziness, unsteadiness, or sudden falls",unverified,,,
ba504e980e0b,asha-ncd-hypertension,danger_signs,32,Sudden severe headache or loss of consciousness,unverified,,,
9ecbd6c246e6,asha-ncd-hypertension,danger_signs,32,"Any of these signs in a person with high blood pressure must be treated as a medical emergency, refer immediately to a Community Health Centre or hospital",unverified,,,
6926b8523b68,asha-ncd-hypertension,self_care,30,"Stop all use of tobacco, smoking or chewing tobacco significantly raises blood pressure and risk of heart attack",unverified,,,
6ae23bcdd27e,asha-ncd-hypertension,self_care,30,Reduce alcohol intake,unverified,,,
58bcc72b2e7d,asha-ncd-hypertension,self_care,30,"Reduce salt intake, limit to a maximum of 1 teaspoon (5 grams) of salt per day for the whole family",unverified,,,
23c74a2ea580,asha-ncd-hypertension,self_care,30,"Reduce consumption of oily, fried, and fatty foods",unverified,,,
793ac1e536a0,asha-ncd-hypertension,self_care,30,"Reduce intake of refined cereals (maida), sugar, and sweet beverages",unverified,,,
e6cd5ec51486,asha-ncd-hypertension,self_care,30,"Eat more fresh fruits, vegetables, whole grains, and whole pulses",unverified,,,
48310da3b2b9,asha-ncd-hypertension,self_care,30,"Maintain a healthy weight, losing weight if overweight significantly reduces blood pressure",unverified,,,
800f4a2d3f3d,asha-ncd-hypertension,self_care,30,"Be physically active, at least 30 minutes of brisk walking or moderate activity daily",unverified,,,
042afb6137af,asha-ncd-hypertension,self_care,30,"Manage stress, practice relaxation techniques, take breaks, maintain social connections",unverified,,,
b9b19b5004cd,asha-ncd-hypertension,self_care,30,"Take blood pressure medicines every day as prescribed, do not stop on your own even if you feel fine",unverified,,,
21be8c9e43d4,asha-ncd-hypertension,self_care,30,Get blood pressure checked at least once a month if on treatment,unverified,,,
2aef0ee8f49b,asha-ncd-hypertension,self_care,30,Attend regular follow-up at the Primary Health Centre or sub-centre as advised,unverified,,,
991ae8633066,asha-ncd-hypertension,see_doctor,29,"Hypertension is called the silent killer because it usually has no symptoms, the only way to detect it is to measure blood pressure",unverified,,,
1827d29670ca,asha-ncd-hypertension,see_doctor,29,All adults aged 30 years and above should have their blood pressure checked at least once a year even if they feel well,unverified,,,
dbad1cd1c895,asha-ncd-hypertension,see_doctor,29,A blood pressure reading of 140 mm Hg systolic (upper number) or 90 mm Hg diastolic (lower number) or above on a single reading should prompt referral to a medical officer for confirmation and further management,unverified,,,
60dd1601422e,asha-ncd-hypertension,see_doctor,29,"Frequent headaches, especially at the back of the head in the morning, can sometimes be a symptom of very high blood pressure",unverified,,,
2185e8f5d68b,asha-ncd-hypertension,see_doctor,29,"Any person with high blood pressure who develops a new symptom or illness, they are at higher risk of complications",unverified,,,
08239c316c9a,asha-ncd-hypertension,see_doctor,29,"Family history of heart attack or stroke, screening and prevention are very important",unverified,,,
233f9296092f,asha-ncd-hypertension,refer_urgently,32,"Any heart attack or stroke warning sign listed above, these are medical emergencies",unverified,,,
b020592599db,asha-ncd-hypertension,refer_urgently,32,"Very severe headache with high blood pressure and visual disturbance or confusion, may indicate hypertensive emergency",unverified,,,
3aee6813651a,asha-ncd-hypertension,refer_urgently,32,A known hypertensive patient who has stopped their medication and is now feeling unwell,unverified,,,
be67add647a0,asha-ncd-hypertension,refer_urgently,32,"A hypertensive patient with chest pain, breathlessness, or swelling of the legs, may indicate heart failure",unverified,,,
465669b05ef0,asha-ncd-hypertension,reference,32,All adults above 30 years should be screened annually for both high blood pressure and diabetes,unverified,,,
d9df07a78a8d,asha-ncd-hypertension,reference,32,"Blood pressure and blood sugar must be monitored regularly in high-risk individuals, those with a family history of heart attack or stroke",unverified,,,
f0ef7db6b911,asha-ncd-hypertension,reference,32,"Anyone who experiences heart attack or stroke warning signs must seek immediate medical care, every minute matters",unverified,,,
0002a71de42b,asha-ncd-hypertension,reference,,"AIRA covers hypertension awareness, warning signs, lifestyle measures, and triage only. Diagnosis and treatment must be done by a qualified doctor or medical officer.",unverified,,,
02586f7af598,icmr-stw-pharyngitis-sore-throat,danger_signs,1,"Sore throat with high fever, drooling of saliva, and difficulty or inability to swallow, this may indicate epiglottitis or a deep neck infection, which can close the airway",unverified,,,
10caf44513cf,icmr-stw-pharyngitis-sore-throat,danger_signs,1,Breathing difficulty or noisy breathing with a sore throat,unverified,,,
5db67eb83059,icmr-stw-pharyngitis-sore-throat,danger_signs,1,"Muffled or hot potato voice (very thick, muffled speech) with sore throat",unverified,,,
804d270c7d40,icmr-stw-pharyngitis-sore-throat,danger_signs,1,Swelling of the throat visible from outside the neck,unverified,,,
36fda50b5d7b,icmr-stw-pharyngitis-sore-throat,danger_signs,1,"One tonsil significantly larger than the other, especially with severe throat pain and fever, may be a peritonsillar abscess",unverified,,,
fe8a4275d390,icmr-stw-pharyngitis-sore-throat,danger_signs,1,"White or grey membrane in the throat that extends beyond the tonsils with a very unwell appearance, may be diphtheria",unverified,,,
4e7a044d710f,icmr-stw-pharyngitis-sore-throat,danger_signs,1,"Sore throat with generalised swollen glands across the body (neck, armpits, groin) and feeling very unwell",unverified,,,
bb394855b727,icmr-stw-pharyngitis-sore-throat,danger_signs,1,"Sore throat with new cardiac symptoms or joint swelling after recovery, may suggest rheumatic fever, a complication of streptococcal infection",unverified,,,
64a180743687,icmr-stw-pharyngitis-sore-throat,self_care,1,"Gargle with warm salt water several times a day, dissolve half a teaspoon of salt in a glass of warm water and gargle for 30 seconds. This reduces swelling and kills surface bacteria",unverified,,,
70b98a44d8bb,icmr-stw-pharyngitis-sore-throat,self_care,1,"Drink warm liquids: warm water, warm water with honey and ginger, warm soups, warm herbal teas",unverified,,,
b842f3891752,icmr-stw-pharyngitis-sore-throat,self_care,1,Rest your voice and avoid shouting or excessive talking,unverified,,,
a73c07a17280,icmr-stw-pharyngitis-sore-throat,self_care,1,Paracetamol or ibuprofen can be taken for pain relief as directed on the pack,unverified,,,
770c2a1e9015,icmr-stw-pharyngitis-sore-throat,self_care,1,Avoid very cold drinks and ice cream if they worsen the pain,unverified,,,
64d7e49ddbef,icmr-stw-pharyngitis-sore-throat,self_care,1,"Avoid smoking and exposure to tobacco smoke, smoke irritates the throat and slows healing",unverified,,,
004d4b350e2d,icmr-stw-pharyngitis-sore-throat,self_care,1,"Address GERD (acid reflux) if it is a known issue, acid coming back up is a common cause of throat irritation",unverified,,,
a001e90e79fe,icmr-stw-pharyngitis-sore-throat,self_care,1,Most viral sore throats resolve on their own within 7 to 10 days with home care,unverified,,,
048ec5db1001,icmr-stw-pharyngitis-sore-throat,self_care,1,"Do not demand or self-purchase antibiotics for a sore throat, most sore throats are viral and antibiotics will not help",unverified,,,
8ffdec6616e9,icmr-stw-pharyngitis-sore-throat,see_doctor,1,"Sore throat with high fever (above 38.5 degrees Celsius) and swollen, tender glands in the neck",unverified,,,
92f834229165,icmr-stw-pharyngitis-sore-throat,see_doctor,1,Pus or white spots visible on the tonsils,unverified,,,
22c2a374a5b9,icmr-stw-pharyngitis-sore-throat,see_doctor,1,Sore throat that is not improving after 5 to 7 days of home care,unverified,,,
8e919e401dc7,icmr-stw-pharyngitis-sore-throat,see_doctor,1,Throat pain that is severe enough to make swallowing very difficult,unverified,,,
70a59611f8fd,icmr-stw-pharyngitis-sore-throat,see_doctor,1,Sore throat with ear pain,unverified,,,
82f5c0ea03d3,icmr-stw-pharyngitis-sore-throat,see_doctor,1,Recurring sore throats or tonsillitis (more than 5 episodes a year),unverified,,,
92005cf570f0,icmr-stw-pharyngitis-sore-throat,see_doctor,1,"Sore throat in a person with a history of rheumatic fever or rheumatic heart disease, streptococcal throat infection can trigger a relapse",unverified,,,
44651ed9b8a0,icmr-stw-pharyngitis-sore-throat,see_doctor,1,"Sore throat with runny nose, cough, and red eyes, likely a viral infection but should be assessed if it is severe",unverified,,,
99c17f82d128,icmr-stw-pharyngitis-sore-throat,refer_urgently,1,"Any red flag sign listed above, drooling, breathing difficulty, muffled voice, single very swollen tonsil, throat membrane, inability to open the mouth",unverified,,,
da4e9be5b1fd,icmr-stw-pharyngitis-sore-throat,refer_urgently,1,"Suspected epiglottitis or deep neck space infection, these can close the airway rapidly",unverified,,,
02c234b7df92,icmr-stw-pharyngitis-sore-throat,refer_urgently,1,Suspected diphtheria in a child who is unvaccinated or incompletely vaccinated,unverified,,,
2ba73520204d,icmr-stw-pharyngitis-sore-throat,refer_urgently,1,"Complications after a sore throat: new swelling in the neck, inability to open mouth, high fever returning after initial improvement",unverified,,,
cfa503e337a1,icmr-stw-pharyngitis-sore-throat,overview,,Sore throat is pain in the throat on swallowing. It may be caused by a virus (most common) or bacteria. Viral sore throats do not need antibiotics. Bacterial sore throat (streptococcal) has specific features and needs a doctor to decide on treatment.,unverified,,,
2753d207dc68,icmr-stw-scabies,danger_signs,1,"Crusted (Norwegian) scabies: thick, yellow-brown crusts on the skin, particularly on the hands and feet, this is a severe form seen in people with weak immunity and is highly contagious",unverified,,,
0deca57dfb5a,icmr-stw-scabies,danger_signs,1,"Signs of secondary bacterial infection: skin that is red, swollen, warm, and has pus or a foul smell",unverified,,,
1aafeb37a8e9,icmr-stw-scabies,danger_signs,1,"Scabies in someone who is immunocompromised (on steroids, with HIV, or on chemotherapy), this can become very severe quickly",unverified,,,
1a5b7ce81dd2,icmr-stw-scabies,danger_signs,1,"Widespread scabies outbreak in a school, orphanage, or shared-living setting",unverified,,,
e6e980304590,icmr-stw-scabies,self_care,1,"All family members and close physical contacts must be treated at the same time, even if they have no symptoms, treating only the affected person will lead to re-infestation",unverified,,,
0513c43bf6ec,icmr-stw-scabies,self_care,1,"Wash all clothes, towels, and bedlinen used in the past three days in hot water and dry them in the sun",unverified,,,
974275be8d1d,icmr-stw-scabies,self_care,1,"Items that cannot be washed (shoes, bags) can be sealed in a plastic bag for at least 3 days, the mite cannot survive without human contact",unverified,,,
79f17273b755,icmr-stw-scabies,self_care,1,"Do not share clothing, towels, or bedding with others during the infestation",unverified,,,
70f976a7f026,icmr-stw-scabies,self_care,1,Maintain good general hygiene throughout treatment,unverified,,,
8cc394649e72,icmr-stw-scabies,self_care,1,"Important: itching can continue for several weeks after successful treatment, this is normal and does not mean the treatment has failed",unverified,,,
e28d70f4adb8,icmr-stw-scabies,self_care,1,"Do not repeat the treatment application just because itching continues, continue antihistamines for relief instead",unverified,,,
8e7ce7c2c5fd,icmr-stw-scabies,self_care,1,"If new lesions appear or itching continues for more than 3 to 4 weeks after treatment, re-infestation is likely, this usually means a close contact was not treated",unverified,,,
c583f66e1cde,icmr-stw-scabies,see_doctor,1,"Intense itching that is worse at night, especially in the fingers, wrists, belly button area, breasts, buttocks, or genitals",unverified,,,
e25f21c28d2c,icmr-stw-scabies,see_doctor,1,Other family members developing the same symptoms,unverified,,,
54a8dc4e375c,icmr-stw-scabies,see_doctor,1,"Small, red, itchy bumps or burrow marks between the fingers or on the wrists",unverified,,,
dab1c23e39fa,icmr-stw-scabies,see_doctor,1,Itching and rash with no obvious cause in a child,unverified,,,
aba5fa7f1319,icmr-stw-scabies,see_doctor,1,Persistent itching and new lesions after completing a course of treatment,unverified,,,
1dce2e9dfd51,icmr-stw-scabies,see_doctor,1,"Any sign of secondary skin infection (pus, crusting, fever)",unverified,,,
df3121abff99,icmr-stw-scabies,refer_urgently,1,"Crusted (Norwegian) scabies, requires specialised treatment and isolation precautions",unverified,,,
c147dd25f8bf,icmr-stw-scabies,refer_urgently,1,Scabies in an immunocompromised person,unverified,,,
1d1d2b268d98,icmr-stw-scabies,refer_urgently,1,Secondary bacterial infection that is spreading or not responding to treatment,unverified,,,
3f173bff1417,icmr-stw-scabies,refer_urgently,1,"Persistent, treatment-resistant nodular lesions over the genitals",unverified,,,
4497bf9a1903,icmr-stw-urinary-tract-infection,danger_signs,1,Fever above 100 degrees Fahrenheit along with urinary symptoms,unverified,,,
b81696593fa0,icmr-stw-urinary-tract-infection,danger_signs,1,Chills and rigors (shaking with cold),unverified,,,
05d2873f51bb,icmr-stw-urinary-tract-infection,danger_signs,1,Fast heart rate (tachycardia),unverified,,,
ad7c30db46e9,icmr-stw-urinary-tract-infection,danger_signs,1,Fast breathing (tachypnoea),unverified,,,
62bbba914a92,icmr-stw-urinary-tract-infection,danger_signs,1,Low blood pressure (hypotension),unverified,,,
fa317fd691a8,icmr-stw-urinary-tract-infection,danger_signs,1,"Pain or tenderness in the flank (the side of the back, just below the ribs), this may indicate a kidney infection",unverified,,,
e146b5c7a138,icmr-stw-urinary-tract-infection,danger_signs,1,Confusion or altered mental state (obtundation),unverified,,,
3892256d600b,icmr-stw-urinary-tract-infection,danger_signs,1,"Signs of sepsis: high fever, fast heart rate, very unwell appearance, confusion",unverified,,,
cac241081edc,icmr-stw-urinary-tract-infection,self_care,1,Drink plenty of water and fluids to flush out the urinary tract,unverified,,,
da01964c2066,icmr-stw-urinary-tract-infection,self_care,1,Do not delay seeking a doctor. UTIs require antibiotic treatment prescribed by a doctor and should not be managed with home remedies alone,unverified,,,
f63e5fd6adb1,icmr-stw-urinary-tract-infection,self_care,1,Paracetamol can be taken for pain relief while waiting to see a doctor,unverified,,,
ca1c0ee82931,icmr-stw-urinary-tract-infection,self_care,1,Avoid holding urine for long periods,unverified,,,
fb83980957f0,icmr-stw-urinary-tract-infection,self_care,1,Empty your bladder fully each time you urinate,unverified,,,
bdc547424da6,icmr-stw-urinary-tract-infection,self_care,1,Wipe from front to back after using the toilet (for women) to avoid introducing bacteria,unverified,,,
62a1e320909c,icmr-stw-urinary-tract-infection,self_care,1,Urinate soon after sexual intercourse to help prevent UTIs,unverified,,,
21e74c1e6ff3,icmr-stw-urinary-tract-infection,see_doctor,1,Burning or pain when urinating,unverified,,,
47d557ed467f,icmr-stw-urinary-tract-infection,see_doctor,1,Frequent urge to urinate even when little urine passes,unverified,,,
b73ab96490e0,icmr-stw-urinary-tract-infection,see_doctor,1,"Feeling of urgency, needing to rush to the toilet",unverified,,,
808a0232b177,icmr-stw-urinary-tract-infection,see_doctor,1,Pain or pressure in the lower abdomen or pelvis,unverified,,,
b66545dbf054,icmr-stw-urinary-tract-infection,see_doctor,1,"Cloudy, dark, or foul-smelling urine",unverified,,,
a74217a5d570,icmr-stw-urinary-tract-infection,see_doctor,1,Blood in the urine,unverified,,,
30aa40accabd,icmr-stw-urinary-tract-infection,see_doctor,1,Urinary symptoms in a pregnant woman. UTI in pregnancy requires prompt treatment,unverified,,,
19223e40718a,icmr-stw-urinary-tract-infection,see_doctor,1,"Urinary symptoms in a person with diabetes, kidney disease, or a known urinary tract abnormality, these are high-risk groups",unverified,,,
ea9e12effe77,icmr-stw-urinary-tract-infection,see_doctor,1,Recurrent UTIs (more than 2 in 6 months or 3 in a year),unverified,,,
8597b2fe294e,icmr-stw-urinary-tract-infection,see_doctor,1,Symptoms not improving after a full course of prescribed antibiotics,unverified,,,
123a6ae9a226,icmr-stw-urinary-tract-infection,refer_urgently,1,"Any red flag sign is present, fever, chills, flank pain, fast heartbeat, low blood pressure",unverified,,,
af37db7561dd,icmr-stw-urinary-tract-infection,refer_urgently,1,"Signs of kidney infection (pyelonephritis): fever, flank pain, very unwell",unverified,,,
7ef69e16e2b8,icmr-stw-urinary-tract-infection,refer_urgently,1,UTI in pregnancy that is complicated or not responding to first treatment,unverified,,,
a036a567b92d,icmr-stw-urinary-tract-infection,refer_urgently,1,Recent urological procedure or surgery with new urinary symptoms,unverified,,,
c1fdf9727cfc,icmr-stw-urinary-tract-infection,refer_urgently,1,Recurrent UTI requiring investigation (cystoscopy or urodynamics),unverified,,,
9a3fa7c33516,icmr-stw-urinary-tract-infection,refer_urgently,1,UTI in a person with known kidney stones or urinary tract obstruction,unverified,,,
6326de5077c4,icmr-stw-urinary-tract-infection,refer_urgently,1,Prostatitis: UTI symptoms combined with pelvic pain or a tender prostate in men,unverified,,,
31ea555fefc1,icmr-stw-urinary-tract-infection,reference,,Pregnant women,unverified,,,
93a66a55c83f,icmr-stw-urinary-tract-infection,reference,,People with kidney stones,unverified,,,
85672d0b9307,icmr-stw-urinary-tract-infection,reference,,People with urinary tract obstruction or anatomical abnormality,unverified,,,
66adeef1474c,icmr-stw-urinary-tract-infection,reference,,People who are immunocompromised,unverified,,,
ac6af3683949,icmr-stw-urinary-tract-infection,reference,,People with chronic kidney disease,unverified,,,
1c44f32647db,icmr-stw-urinary-tract-infection,reference,,People who have recently had a urological procedure,unverified,,,
15ca0f3b3812,icmr-stw-urinary-tract-infection,reference,,Uncomplicated UTI (bladder infection),unverified,,,
66d7d51ffeb5,icmr-stw-urinary-tract-infection,reference,,Complicated UTI / Pyelonephritis (kidney infection),unverified,,,
44dbe1cab7fe,icmr-stw-urinary-tract-infection,reference,,Recurrent UTI,unverified,,,
2ebee71b399a,icmr-stw-urticaria-angioedema,danger_signs,1,"Swelling of the lips, tongue, or throat",unverified,,,
e69d07be904b,icmr-stw-urticaria-angioedema,danger_signs,1,"Difficulty breathing, choking, or shortness of breath",unverified,,,
1f40d8d17404,icmr-stw-urticaria-angioedema,danger_signs,1,Hoarse voice or difficulty speaking after swelling,unverified,,,
25b918b08363,icmr-stw-urticaria-angioedema,danger_signs,1,"Swelling of the airway (laryngeal angioedema), this is a life-threatening emergency",unverified,,,
bb4d08ed9e5d,icmr-stw-urticaria-angioedema,danger_signs,1,"Respiratory distress combined with hives, this may indicate anaphylaxis",unverified,,,
aa7e394581ed,icmr-stw-urticaria-angioedema,danger_signs,1,"Shock: dizziness, loss of consciousness, very low blood pressure after exposure to an allergen",unverified,,,
043a6decec2f,icmr-stw-urticaria-angioedema,self_care,1,Mild hives that are itchy but not affecting breathing can often be managed with an antihistamine prescribed by a doctor,unverified,,,
df76fd3eea38,icmr-stw-urticaria-angioedema,self_care,1,"Identify and avoid triggers: common triggers include certain foods, medicines (especially pain relievers like NSAIDs), insect stings, latex, and stress",unverified,,,
5c83d81e9d3b,icmr-stw-urticaria-angioedema,self_care,1,"Avoid common drug triggers if you have a history of urticaria: pain relievers such as ibuprofen or aspirin can trigger or worsen hives in some people, always inform your doctor of your history",unverified,,,
a49307bf690b,icmr-stw-urticaria-angioedema,self_care,1,Apply a cool compress to itchy areas for temporary relief,unverified,,,
9b703ea2a132,icmr-stw-urticaria-angioedema,self_care,1,"Wear loose, cool clothing to reduce skin irritation",unverified,,,
1c6023bd29e7,icmr-stw-urticaria-angioedema,self_care,1,Avoid vigorous exercise if exercise is a known trigger for your urticaria,unverified,,,
7cbd6bc0bdbb,icmr-stw-urticaria-angioedema,self_care,1,"Urticaria that resolves within 24 hours and does not recur may not need further treatment, reassurance is appropriate",unverified,,,
789220070761,icmr-stw-urticaria-angioedema,self_care,1,About half of chronic urticaria cases resolve on their own within 12 to 24 months,unverified,,,
8143c76b2a0b,icmr-stw-urticaria-angioedema,self_care,1,Do not stop antihistamines abruptly if a doctor has prescribed a prolonged course,unverified,,,
9af989d2c3e7,icmr-stw-urticaria-angioedema,see_doctor,1,Hives that appear repeatedly over several days or are not going away,unverified,,,
9a40e529301f,icmr-stw-urticaria-angioedema,see_doctor,1,"Any swelling of the face, lips, or eyes even without breathing difficulty",unverified,,,
ff601bb6fe9d,icmr-stw-urticaria-angioedema,see_doctor,1,"Urticaria lasting more than 6 weeks, this is chronic urticaria and needs evaluation",unverified,,,
e7b335a2d85e,icmr-stw-urticaria-angioedema,see_doctor,1,"Hives that last longer than 24 to 48 hours in one spot, are painful, and leave bruising, this may be urticarial vasculitis, which is different from ordinary hives",unverified,,,
5794b9b66989,icmr-stw-urticaria-angioedema,see_doctor,1,"Hives that seem related to a specific food, drug, or situation, allergy testing may be needed",unverified,,,
1f63fea28771,icmr-stw-urticaria-angioedema,see_doctor,1,Urticaria that is not improving with antihistamines,unverified,,,
67dc689ffd3c,icmr-stw-urticaria-angioedema,see_doctor,1,"Urticaria associated with joint pain, fever, or feeling generally unwell",unverified,,,
97da85b14d7e,icmr-stw-urticaria-angioedema,refer_urgently,1,"Any breathing difficulty, throat swelling, or signs of anaphylaxis, refer after emergency stabilisation",unverified,,,
ac9ad2532da4,icmr-stw-urticaria-angioedema,refer_urgently,1,Angioedema affecting the throat or airway,unverified,,,
55b2af7a71cf,icmr-stw-urticaria-angioedema,refer_urgently,1,Urticaria not controlled by standard antihistamines even at higher doses,unverified,,,
ff4a0fa71620,icmr-stw-urticaria-angioedema,refer_urgently,1,Unusual urticaria: welts lasting more than 24 to 48 hours with bruising,unverified,,,
dd33034be9a8,icmr-stw-urticaria-angioedema,refer_urgently,1,"Angioedema without urticaria, this may indicate a rare hereditary condition (C1 inhibitor deficiency) that requires specialist investigation",unverified,,,
995facd18264,icmr-stw-urticaria-angioedema,refer_urgently,1,"Urticaria with associated systemic symptoms (fever, joint pain, weight loss)",unverified,,,
6b24e0b04222,icmr-stw-urticaria-angioedema,overview,,"Urticaria: Sudden appearance of raised, itchy welts (wheals) on the skin of variable size and shape, surrounded by redness. Individual welts usually resolve within 1 to 24 hours but new ones may keep appearing. Chronic urticaria means it has lasted more than 6 weeks.",unverified,,,
671004a3cc15,icmr-stw-urticaria-angioedema,overview,,"Angioedema: Sudden, deep swelling of the skin, often affecting the face, lips, tongue, throat, or genitals. It can take up to 72 hours to resolve. When it affects the throat or airway, it is a medical emergency.",unverified,,,
